<?xml version="1.0" encoding="UTF-8"?>
<elements>
   <network name="ESSE" overhead="67" shortest-path-policy="DIJKSTRA" technology="AFDX" transmission-capacity="100000000" x-type="FULL"/>
   <station name="AFDX Station 1" service-policy="FIRST_IN_FIRST_OUT" transmission-capacity="100000000" x="48.0" y="48.0"/>
   <station name="AFDX Station 2" service-policy="FIRST_IN_FIRST_OUT" transmission-capacity="100000000" x="400.0" y="112.0"/>
   <switch name="AFDX Switch 1" transmission-capacity="100000000" service-policy="FIRST_IN_FIRST_OUT" tech-latency="0" switching-technique="CUT_THROUGH" x="176" y="80"/>
   <switch name="AFDX Switch 2" transmission-capacity="100000000" service-policy="FIRST_IN_FIRST_OUT" tech-latency="0" switching-technique="CUT_THROUGH" x="272" y="80"/>
   <link from="AFDX Station 1" fromPort="0" name="AFDX Edge 1" to="AFDX Switch 1" toPort="0" transmission-capacity="100000000"/>
   <link from="AFDX Switch 1" fromPort="1" name="AFDX Edge 2" to="AFDX Switch 2" toPort="0" transmission-capacity="100000000"/>
   <link from="AFDX Switch 2" fromPort="1" name="AFDX Edge 3" to="AFDX Station 2" toPort="0" transmission-capacity="100000000"/>
   <flow deadline="1" jitter="0" max-payload="1000" min-payload="1000" name="AFDX Flow 1" period="1" priority="Low" source="AFDX Station 1">
      <target mode="M" name="AFDX Station 2">
         <path node="AFDX Switch 1"/>
         <path node="AFDX Switch 2"/>
         <path node="AFDX Station 2"/>
      </target>
   </flow>
</elements>
